airline_code,delay,day_of_week
WN,65657,3.8937266862918053
DL,27452,3.9334427305546439
OO,22760,3.9327814701317308
AA,17736,3.9575302260381987
MQ,12742,3.9271137822701817
CO,11957,3.9275973103513590
XE,11795,3.8962924885947439
US,11591,3.9238260869565217
EV,11255,3.9240967730407748
UA,8946,3.9468843911799848
