airline_code,airport_from,airport_to,number_of_delays,delay
WN,DAL,HOU,477,795.8559201141226819
WN,HOU,DAL,451,816.0816618911174785
WN,OAK,LAX,315,764.8395061728395062
WN,LAS,PHX,300,844.6882793017456359
AA,ORD,DFW,285,813.3481152993348115
CO,IAH,LAX,282,873.9483282674772036
WN,OAK,BUR,281,859.1443850267379679
OO,LAX,SAN,274,840.8534031413612565
AA,DFW,LAX,273,891.5456431535269710
CO,LAX,IAH,270,616.9329268292682927
